create table if not exists curriculum_subjects (
  id int primary key,
  code text not null unique,
  name text not null,
  area text not null
);

create table if not exists curriculum_units (
  id int primary key,
  subject_id int not null references curriculum_subjects(id) on delete cascade,
  grade text not null, -- 1EM, 2EM, 3EM
  title text not null
);

create table if not exists curriculum_topics (
  id int primary key,
  unit_id int not null references curriculum_units(id) on delete cascade,
  order_index int not null,
  title text not null,
  default_lessons int not null default 1
);

create index if not exists idx_curr_units_subject_grade on curriculum_units(subject_id, grade);
create index if not exists idx_curr_topics_unit_order on curriculum_topics(unit_id, order_index);

-- Inserts: subjects
insert into curriculum_subjects (id, code, name, area) values (1, 'LP', 'Língua Portuguesa', 'Linguagens');
insert into curriculum_subjects (id, code, name, area) values (2, 'LIT', 'Literatura', 'Linguagens');
insert into curriculum_subjects (id, code, name, area) values (3, 'RED', 'Redação', 'Linguagens');
insert into curriculum_subjects (id, code, name, area) values (4, 'ING', 'Língua Inglesa', 'Linguagens');
insert into curriculum_subjects (id, code, name, area) values (5, 'ART', 'Artes', 'Linguagens');
insert into curriculum_subjects (id, code, name, area) values (6, 'EF', 'Educação Física', 'Linguagens');
insert into curriculum_subjects (id, code, name, area) values (7, 'MAT', 'Matemática', 'Matemática');
insert into curriculum_subjects (id, code, name, area) values (8, 'FIS', 'Física', 'Ciências da Natureza');
insert into curriculum_subjects (id, code, name, area) values (9, 'QUI', 'Química', 'Ciências da Natureza');
insert into curriculum_subjects (id, code, name, area) values (10, 'BIO', 'Biologia', 'Ciências da Natureza');
insert into curriculum_subjects (id, code, name, area) values (11, 'HIS', 'História', 'Ciências Humanas');
insert into curriculum_subjects (id, code, name, area) values (12, 'GEO', 'Geografia', 'Ciências Humanas');
insert into curriculum_subjects (id, code, name, area) values (13, 'FIL', 'Filosofia', 'Ciências Humanas');
insert into curriculum_subjects (id, code, name, area) values (14, 'SOC', 'Sociologia', 'Ciências Humanas');

-- Inserts: units
insert into curriculum_units (id, subject_id, grade, title) values (1, 1, '1EM', 'Leitura e Interpretação');
insert into curriculum_units (id, subject_id, grade, title) values (2, 1, '1EM', 'Gramática em uso');
insert into curriculum_units (id, subject_id, grade, title) values (3, 1, '2EM', 'Produção de texto');
insert into curriculum_units (id, subject_id, grade, title) values (4, 1, '2EM', 'Linguagem e sociedade');
insert into curriculum_units (id, subject_id, grade, title) values (5, 1, '3EM', 'Revisão ENEM');
insert into curriculum_units (id, subject_id, grade, title) values (6, 2, '1EM', 'Introdução e Clássicos');
insert into curriculum_units (id, subject_id, grade, title) values (7, 2, '2EM', 'Literatura Brasileira');
insert into curriculum_units (id, subject_id, grade, title) values (8, 2, '3EM', 'Modernidade e Contemporaneidade');
insert into curriculum_units (id, subject_id, grade, title) values (9, 3, '1EM', 'Fundamentos');
insert into curriculum_units (id, subject_id, grade, title) values (10, 3, '2EM', 'Aprofundamento');
insert into curriculum_units (id, subject_id, grade, title) values (11, 3, '3EM', 'Prática Intensiva');
insert into curriculum_units (id, subject_id, grade, title) values (12, 4, '1EM', 'Compreensão Leitora');
insert into curriculum_units (id, subject_id, grade, title) values (13, 4, '2EM', 'Língua e Cultura');
insert into curriculum_units (id, subject_id, grade, title) values (14, 4, '3EM', 'ENEM e Projetos');
insert into curriculum_units (id, subject_id, grade, title) values (15, 5, '1EM', 'Artes Visuais');
insert into curriculum_units (id, subject_id, grade, title) values (16, 5, '2EM', 'Música e Teatro');
insert into curriculum_units (id, subject_id, grade, title) values (17, 5, '3EM', 'Cinema e Cultura');
insert into curriculum_units (id, subject_id, grade, title) values (18, 6, '1EM', 'Esporte e Saúde');
insert into curriculum_units (id, subject_id, grade, title) values (19, 6, '2EM', 'Corpo, Cultura e Lazer');
insert into curriculum_units (id, subject_id, grade, title) values (20, 6, '3EM', 'Projetos e Avaliação Física');
insert into curriculum_units (id, subject_id, grade, title) values (21, 7, '1EM', 'Números e Álgebra');
insert into curriculum_units (id, subject_id, grade, title) values (22, 7, '1EM', 'Geometria e Medidas');
insert into curriculum_units (id, subject_id, grade, title) values (23, 7, '1EM', 'Probabilidade e Estatística');
insert into curriculum_units (id, subject_id, grade, title) values (24, 7, '2EM', 'Funções e Modelagem');
insert into curriculum_units (id, subject_id, grade, title) values (25, 7, '2EM', 'Geometria Analítica');
insert into curriculum_units (id, subject_id, grade, title) values (26, 7, '2EM', 'Trigonometria');
insert into curriculum_units (id, subject_id, grade, title) values (27, 7, '3EM', 'Análise Combinatória e Probabilidade');
insert into curriculum_units (id, subject_id, grade, title) values (28, 7, '3EM', 'Geometria Espacial e Métricas');
insert into curriculum_units (id, subject_id, grade, title) values (29, 7, '3EM', 'Revisão e Resolução de Problemas');
insert into curriculum_units (id, subject_id, grade, title) values (30, 8, '1EM', 'Cinemática');
insert into curriculum_units (id, subject_id, grade, title) values (31, 8, '1EM', 'Dinâmica');
insert into curriculum_units (id, subject_id, grade, title) values (32, 8, '1EM', 'Gravitação e Estática');
insert into curriculum_units (id, subject_id, grade, title) values (33, 8, '2EM', 'Termologia');
insert into curriculum_units (id, subject_id, grade, title) values (34, 8, '2EM', 'Ondulatória e Óptica');
insert into curriculum_units (id, subject_id, grade, title) values (35, 8, '2EM', 'Fluidos (noções)');
insert into curriculum_units (id, subject_id, grade, title) values (36, 8, '3EM', 'Eletrostática');
insert into curriculum_units (id, subject_id, grade, title) values (37, 8, '3EM', 'Eletrodinâmica');
insert into curriculum_units (id, subject_id, grade, title) values (38, 8, '3EM', 'Eletromagnetismo e Física Moderna (noções)');
insert into curriculum_units (id, subject_id, grade, title) values (39, 9, '1EM', 'Matéria e Transformações');
insert into curriculum_units (id, subject_id, grade, title) values (40, 9, '1EM', 'Ligações e Interações');
insert into curriculum_units (id, subject_id, grade, title) values (41, 9, '1EM', 'Cálculos Químicos');
insert into curriculum_units (id, subject_id, grade, title) values (42, 9, '2EM', 'Físico-Química');
insert into curriculum_units (id, subject_id, grade, title) values (43, 9, '2EM', 'Química Inorgânica');
insert into curriculum_units (id, subject_id, grade, title) values (44, 9, '3EM', 'Química Orgânica');
insert into curriculum_units (id, subject_id, grade, title) values (45, 9, '3EM', 'Revisão e ENEM');
insert into curriculum_units (id, subject_id, grade, title) values (46, 10, '1EM', 'Citologia e Bioquímica');
insert into curriculum_units (id, subject_id, grade, title) values (47, 10, '1EM', 'Genética Básica');
insert into curriculum_units (id, subject_id, grade, title) values (48, 10, '1EM', 'Ecologia');
insert into curriculum_units (id, subject_id, grade, title) values (49, 10, '2EM', 'Botânica e Fisiologia Vegetal');
insert into curriculum_units (id, subject_id, grade, title) values (50, 10, '2EM', 'Zoologia (noções)');
insert into curriculum_units (id, subject_id, grade, title) values (51, 10, '2EM', 'Microbiologia e Saúde');
insert into curriculum_units (id, subject_id, grade, title) values (52, 10, '3EM', 'Fisiologia Humana');
insert into curriculum_units (id, subject_id, grade, title) values (53, 10, '3EM', 'Evolução e Biotecnologia');
insert into curriculum_units (id, subject_id, grade, title) values (54, 10, '3EM', 'Revisão e ENEM');
insert into curriculum_units (id, subject_id, grade, title) values (55, 11, '1EM', 'História Antiga e Medieval');
insert into curriculum_units (id, subject_id, grade, title) values (56, 11, '1EM', 'Formação do Mundo Moderno');
insert into curriculum_units (id, subject_id, grade, title) values (57, 11, '2EM', 'Revoluções e Mundo Contemporâneo');
insert into curriculum_units (id, subject_id, grade, title) values (58, 11, '2EM', 'Brasil: Colônia ao Império');
insert into curriculum_units (id, subject_id, grade, title) values (59, 11, '3EM', 'Brasil República');
insert into curriculum_units (id, subject_id, grade, title) values (60, 11, '3EM', 'Guerras e Geopolítica');
insert into curriculum_units (id, subject_id, grade, title) values (61, 12, '1EM', 'Cartografia e Natureza');
insert into curriculum_units (id, subject_id, grade, title) values (62, 12, '1EM', 'População e Urbanização');
insert into curriculum_units (id, subject_id, grade, title) values (63, 12, '2EM', 'Economia e Globalização');
insert into curriculum_units (id, subject_id, grade, title) values (64, 12, '2EM', 'Brasil: território e regionalização');
insert into curriculum_units (id, subject_id, grade, title) values (65, 12, '3EM', 'Geopolítica e Atualidades');
insert into curriculum_units (id, subject_id, grade, title) values (66, 12, '3EM', 'Revisão e ENEM');
insert into curriculum_units (id, subject_id, grade, title) values (67, 13, '1EM', 'Introdução à Filosofia');
insert into curriculum_units (id, subject_id, grade, title) values (68, 13, '1EM', 'Filosofia Antiga');
insert into curriculum_units (id, subject_id, grade, title) values (69, 13, '2EM', 'Filosofia Moderna');
insert into curriculum_units (id, subject_id, grade, title) values (70, 13, '2EM', 'Ética e Política');
insert into curriculum_units (id, subject_id, grade, title) values (71, 13, '3EM', 'Filosofia Contemporânea');
insert into curriculum_units (id, subject_id, grade, title) values (72, 13, '3EM', 'Revisão e Projetos');
insert into curriculum_units (id, subject_id, grade, title) values (73, 14, '1EM', 'Introdução à Sociologia');
insert into curriculum_units (id, subject_id, grade, title) values (74, 14, '1EM', 'Cultura e Identidade');
insert into curriculum_units (id, subject_id, grade, title) values (75, 14, '2EM', 'Trabalho e Economia');
insert into curriculum_units (id, subject_id, grade, title) values (76, 14, '2EM', 'Política e Estado');
insert into curriculum_units (id, subject_id, grade, title) values (77, 14, '3EM', 'Temas Contemporâneos');
insert into curriculum_units (id, subject_id, grade, title) values (78, 14, '3EM', 'Revisão e Projetos');

-- Inserts: topics
insert into curriculum_topics (id, unit_id, order_index, title, default_lessons) values (1, 1, 1, 'Gêneros textuais (noções)', 1);
insert into curriculum_topics (id, unit_id, order_index, title, default_lessons) values (2, 1, 2, 'Estratégias de leitura', 1);
insert into curriculum_topics (id, unit_id, order_index, title, default_lessons) values (3, 1, 3, 'Coesão e coerência', 1);
insert into curriculum_topics (id, unit_id, order_index, title, default_lessons) values (4, 1, 4, 'Intertextualidade (noções)', 1);
insert into curriculum_topics (id, unit_id, order_index, title, default_lessons) values (5, 1, 5, 'Inferência e intenção comunicativa', 1);
insert into curriculum_topics (id, unit_id, order_index, title, default_lessons) values (6, 2, 1, 'Classes de palavras (revisão)', 1);
insert into curriculum_topics (id, unit_id, order_index, title, default_lessons) values (7, 2, 2, 'Sintaxe: termos essenciais', 1);
insert into curriculum_topics (id, unit_id, order_index, title, default_lessons) values (8, 2, 3, 'Concordância (noções)', 1);
insert into curriculum_topics (id, unit_id, order_index, title, default_lessons) values (9, 2, 4, 'Regência e crase (noções)', 1);
insert into curriculum_topics (id, unit_id, order_index, title, default_lessons) values (10, 2, 5, 'Pontuação', 1);
insert into curriculum_topics (id, unit_id, order_index, title, default_lessons) values (11, 3, 1, 'Resumo e resenha', 1);
insert into curriculum_topics (id, unit_id, order_index, title, default_lessons) values (12, 3, 2, 'Artigo de opinião', 1);
insert into curriculum_topics (id, unit_id, order_index, title, default_lessons) values (13, 3, 3, 'Relato e crônica', 1);
insert into curriculum_topics (id, unit_id, order_index, title, default_lessons) values (14, 3, 4, 'Projeto de texto e reescrita', 1);
insert into curriculum_topics (id, unit_id, order_index, title, default_lessons) values (15, 3, 5, 'Norma padrão (revisão)', 1);
insert into curriculum_topics (id, unit_id, order_index, title, default_lessons) values (16, 4, 1, 'Variação linguística', 1);
insert into curriculum_topics (id, unit_id, order_index, title, default_lessons) values (17, 4, 2, 'Preconceito linguístico', 1);
insert into curriculum_topics (id, unit_id, order_index, title, default_lessons) values (18, 4, 3, 'Semântica (noções)', 1);
insert into curriculum_topics (id, unit_id, order_index, title, default_lessons) values (19, 4, 4, 'Figuras de linguagem (noções)', 1);
insert into curriculum_topics (id, unit_id, order_index, title, default_lessons) values (20, 5, 1, 'Leitura de textos multimodais', 1);
insert into curriculum_topics (id, unit_id, order_index, title, default_lessons) values (21, 5, 2, 'Interpretação de gráficos e charges', 1);
insert into curriculum_topics (id, unit_id, order_index, title, default_lessons) values (22, 5, 3, 'Questões de gramática contextualizada', 1);
insert into curriculum_topics (id, unit_id, order_index, title, default_lessons) values (23, 5, 4, 'Simulados e análise de erros', 1);
insert into curriculum_topics (id, unit_id, order_index, title, default_lessons) values (24, 6, 1, 'O que é literatura?', 1);
insert into curriculum_topics (id, unit_id, order_index, title, default_lessons) values (25, 6, 2, 'Trovadorismo (noções)', 1);
insert into curriculum_topics (id, unit_id, order_index, title, default_lessons) values (26, 6, 3, 'Humanismo (noções)', 1);
insert into curriculum_topics (id, unit_id, order_index, title, default_lessons) values (27, 6, 4, 'Classicismo (noções)', 1);
insert into curriculum_topics (id, unit_id, order_index, title, default_lessons) values (28, 6, 5, 'Barroco (noções)', 1);
insert into curriculum_topics (id, unit_id, order_index, title, default_lessons) values (29, 7, 1, 'Arcadismo', 1);
insert into curriculum_topics (id, unit_id, order_index, title, default_lessons) values (30, 7, 2, 'Romantismo', 1);
insert into curriculum_topics (id, unit_id, order_index, title, default_lessons) values (31, 7, 3, 'Realismo/Naturalismo', 1);
insert into curriculum_topics (id, unit_id, order_index, title, default_lessons) values (32, 7, 4, 'Parnasianismo/Simbolismo', 1);
insert into curriculum_topics (id, unit_id, order_index, title, default_lessons) values (33, 8, 1, 'Pré-Modernismo', 1);
insert into curriculum_topics (id, unit_id, order_index, title, default_lessons) values (34, 8, 2, 'Modernismo (1ª,2ª,3ª fases)', 1);
insert into curriculum_topics (id, unit_id, order_index, title, default_lessons) values (35, 8, 3, 'Literatura contemporânea (noções)', 1);
insert into curriculum_topics (id, unit_id, order_index, title, default_lessons) values (36, 8, 4, 'Literatura e sociedade (leituras)', 1);
insert into curriculum_topics (id, unit_id, order_index, title, default_lessons) values (37, 9, 1, 'Competências da redação (ENEM)', 1);
insert into curriculum_topics (id, unit_id, order_index, title, default_lessons) values (38, 9, 2, 'Estrutura dissertativo-argumentativa', 1);
insert into curriculum_topics (id, unit_id, order_index, title, default_lessons) values (39, 9, 3, 'Tese, argumentos e conclusão', 1);
insert into curriculum_topics (id, unit_id, order_index, title, default_lessons) values (40, 9, 4, 'Coesão e repertório', 1);
insert into curriculum_topics (id, unit_id, order_index, title, default_lessons) values (41, 10, 1, 'Repertório sociocultural', 1);
insert into curriculum_topics (id, unit_id, order_index, title, default_lessons) values (42, 10, 2, 'Estratégias argumentativas', 1);
insert into curriculum_topics (id, unit_id, order_index, title, default_lessons) values (43, 10, 3, 'Proposta de intervenção', 1);
insert into curriculum_topics (id, unit_id, order_index, title, default_lessons) values (44, 10, 4, 'Revisão e reescrita', 1);
insert into curriculum_topics (id, unit_id, order_index, title, default_lessons) values (45, 11, 1, 'Temas semanais', 1);
insert into curriculum_topics (id, unit_id, order_index, title, default_lessons) values (46, 11, 2, 'Correção por critérios', 1);
insert into curriculum_topics (id, unit_id, order_index, title, default_lessons) values (47, 11, 3, 'Banco de conectivos', 1);
insert into curriculum_topics (id, unit_id, order_index, title, default_lessons) values (48, 11, 4, 'Simulados e gestão de tempo', 1);
insert into curriculum_topics (id, unit_id, order_index, title, default_lessons) values (49, 12, 1, 'Skimming e scanning', 1);
insert into curriculum_topics (id, unit_id, order_index, title, default_lessons) values (50, 12, 2, 'Cognatos e falsos cognatos', 1);
insert into curriculum_topics (id, unit_id, order_index, title, default_lessons) values (51, 12, 3, 'Context clues', 1);
insert into curriculum_topics (id, unit_id, order_index, title, default_lessons) values (52, 12, 4, 'Gêneros (anúncio, notícia, e-mail)', 1);
insert into curriculum_topics (id, unit_id, order_index, title, default_lessons) values (53, 13, 1, 'Simple past/present review (uso em leitura)', 1);
insert into curriculum_topics (id, unit_id, order_index, title, default_lessons) values (54, 13, 2, 'Modal verbs (noções)', 1);
insert into curriculum_topics (id, unit_id, order_index, title, default_lessons) values (55, 13, 3, 'Pronomes e conectores', 1);
insert into curriculum_topics (id, unit_id, order_index, title, default_lessons) values (56, 13, 4, 'Temas culturais e mídia', 1);
insert into curriculum_topics (id, unit_id, order_index, title, default_lessons) values (57, 14, 1, 'Interpretação de textos', 1);
insert into curriculum_topics (id, unit_id, order_index, title, default_lessons) values (58, 14, 2, 'Vocabulário por temas', 1);
insert into curriculum_topics (id, unit_id, order_index, title, default_lessons) values (59, 14, 3, 'Estratégias de prova', 1);
insert into curriculum_topics (id, unit_id, order_index, title, default_lessons) values (60, 14, 4, 'Projetos (podcast/apresentação)', 1);
insert into curriculum_topics (id, unit_id, order_index, title, default_lessons) values (61, 15, 1, 'Elementos visuais (linha, cor, forma)', 1);
insert into curriculum_topics (id, unit_id, order_index, title, default_lessons) values (62, 15, 2, 'História da arte (panorama)', 1);
insert into curriculum_topics (id, unit_id, order_index, title, default_lessons) values (63, 15, 3, 'Leitura de imagem', 1);
insert into curriculum_topics (id, unit_id, order_index, title, default_lessons) values (64, 15, 4, 'Produção artística', 1);
insert into curriculum_topics (id, unit_id, order_index, title, default_lessons) values (65, 16, 1, 'Elementos musicais (noções)', 1);
insert into curriculum_topics (id, unit_id, order_index, title, default_lessons) values (66, 16, 2, 'Ritmo e composição (prática)', 1);
insert into curriculum_topics (id, unit_id, order_index, title, default_lessons) values (67, 16, 3, 'Teatro: corpo e cena', 1);
insert into curriculum_topics (id, unit_id, order_index, title, default_lessons) values (68, 16, 4, 'Produções coletivas', 1);
insert into curriculum_topics (id, unit_id, order_index, title, default_lessons) values (69, 17, 1, 'Cinema: linguagem audiovisual', 1);
insert into curriculum_topics (id, unit_id, order_index, title, default_lessons) values (70, 17, 2, 'Fotografia e composição', 1);
insert into curriculum_topics (id, unit_id, order_index, title, default_lessons) values (71, 17, 3, 'Arte e identidade', 1);
insert into curriculum_topics (id, unit_id, order_index, title, default_lessons) values (72, 17, 4, 'Projeto final (mostra cultural)', 1);
insert into curriculum_topics (id, unit_id, order_index, title, default_lessons) values (73, 18, 1, 'Capacidades físicas', 1);
insert into curriculum_topics (id, unit_id, order_index, title, default_lessons) values (74, 18, 2, 'Treinamento básico (noções)', 1);
insert into curriculum_topics (id, unit_id, order_index, title, default_lessons) values (75, 18, 3, 'Esportes coletivos (fundamentos)', 1);
insert into curriculum_topics (id, unit_id, order_index, title, default_lessons) values (76, 18, 4, 'Hábitos saudáveis', 1);
insert into curriculum_topics (id, unit_id, order_index, title, default_lessons) values (77, 19, 1, 'Danças e manifestações culturais', 1);
insert into curriculum_topics (id, unit_id, order_index, title, default_lessons) values (78, 19, 2, 'Jogos e brincadeiras', 1);
insert into curriculum_topics (id, unit_id, order_index, title, default_lessons) values (79, 19, 3, 'Lazer e qualidade de vida', 1);
insert into curriculum_topics (id, unit_id, order_index, title, default_lessons) values (80, 19, 4, 'Esportes alternativos', 1);
insert into curriculum_topics (id, unit_id, order_index, title, default_lessons) values (81, 20, 1, 'Projeto esportivo', 1);
insert into curriculum_topics (id, unit_id, order_index, title, default_lessons) values (82, 20, 2, 'Avaliação física (noções)', 1);
insert into curriculum_topics (id, unit_id, order_index, title, default_lessons) values (83, 20, 3, 'Planejamento de treino (noções)', 1);
insert into curriculum_topics (id, unit_id, order_index, title, default_lessons) values (84, 20, 4, 'Organização de eventos esportivos', 1);
insert into curriculum_topics (id, unit_id, order_index, title, default_lessons) values (85, 21, 1, 'Conjuntos numéricos e operações', 1);
insert into curriculum_topics (id, unit_id, order_index, title, default_lessons) values (86, 21, 2, 'Potenciação e radiciação', 1);
insert into curriculum_topics (id, unit_id, order_index, title, default_lessons) values (87, 21, 3, 'Produtos notáveis e fatoração', 1);
insert into curriculum_topics (id, unit_id, order_index, title, default_lessons) values (88, 21, 4, 'Equações e inequações do 1º grau', 1);
insert into curriculum_topics (id, unit_id, order_index, title, default_lessons) values (89, 21, 5, 'Função afim: conceito e gráficos', 1);
insert into curriculum_topics (id, unit_id, order_index, title, default_lessons) values (90, 21, 6, 'Função quadrática: conceito e gráficos', 1);
insert into curriculum_topics (id, unit_id, order_index, title, default_lessons) values (91, 21, 7, 'Sistemas lineares (2x2) e problemas', 1);
insert into curriculum_topics (id, unit_id, order_index, title, default_lessons) values (92, 21, 8, 'Progressões aritméticas (PA)', 1);
insert into curriculum_topics (id, unit_id, order_index, title, default_lessons) values (93, 21, 9, 'Progressões geométricas (PG)', 1);
insert into curriculum_topics (id, unit_id, order_index, title, default_lessons) values (94, 22, 1, 'Ângulos, polígonos e circunferência', 1);
insert into curriculum_topics (id, unit_id, order_index, title, default_lessons) values (95, 22, 2, 'Semelhança de triângulos', 1);
insert into curriculum_topics (id, unit_id, order_index, title, default_lessons) values (96, 22, 3, 'Teorema de Pitágoras e aplicações', 1);
insert into curriculum_topics (id, unit_id, order_index, title, default_lessons) values (97, 22, 4, 'Áreas e perímetros (plano)', 1);
insert into curriculum_topics (id, unit_id, order_index, title, default_lessons) values (98, 22, 5, 'Geometria espacial: prismas e pirâmides', 1);
insert into curriculum_topics (id, unit_id, order_index, title, default_lessons) values (99, 22, 6, 'Cilindro, cone e esfera (noções)', 1);
insert into curriculum_topics (id, unit_id, order_index, title, default_lessons) values (100, 22, 7, 'Trigonometria no triângulo retângulo', 1);
insert into curriculum_topics (id, unit_id, order_index, title, default_lessons) values (101, 23, 1, 'Leitura e interpretação de gráficos', 1);
insert into curriculum_topics (id, unit_id, order_index, title, default_lessons) values (102, 23, 2, 'Medidas de tendência central', 1);
insert into curriculum_topics (id, unit_id, order_index, title, default_lessons) values (103, 23, 3, 'Medidas de dispersão (noções)', 1);
insert into curriculum_topics (id, unit_id, order_index, title, default_lessons) values (104, 23, 4, 'Princípios de contagem', 1);
insert into curriculum_topics (id, unit_id, order_index, title, default_lessons) values (105, 23, 5, 'Probabilidade básica', 1);
insert into curriculum_topics (id, unit_id, order_index, title, default_lessons) values (106, 24, 1, 'Função exponencial', 1);
insert into curriculum_topics (id, unit_id, order_index, title, default_lessons) values (107, 24, 2, 'Função logarítmica', 1);
insert into curriculum_topics (id, unit_id, order_index, title, default_lessons) values (108, 24, 3, 'Equações e inequações exponenciais', 1);
insert into curriculum_topics (id, unit_id, order_index, title, default_lessons) values (109, 24, 4, 'Equações e inequações logarítmicas', 1);
insert into curriculum_topics (id, unit_id, order_index, title, default_lessons) values (110, 24, 5, 'Funções composta e inversa', 1);
insert into curriculum_topics (id, unit_id, order_index, title, default_lessons) values (111, 24, 6, 'Modelagem com funções (crescimento/decrescimento)', 1);
insert into curriculum_topics (id, unit_id, order_index, title, default_lessons) values (112, 25, 1, 'Plano cartesiano e distância', 1);
insert into curriculum_topics (id, unit_id, order_index, title, default_lessons) values (113, 25, 2, 'Ponto médio e divisão de segmentos', 1);
insert into curriculum_topics (id, unit_id, order_index, title, default_lessons) values (114, 25, 3, 'Equação da reta', 1);
insert into curriculum_topics (id, unit_id, order_index, title, default_lessons) values (115, 25, 4, 'Paralelismo e perpendicularismo', 1);
insert into curriculum_topics (id, unit_id, order_index, title, default_lessons) values (116, 25, 5, 'Circunferência (equação)', 1);
insert into curriculum_topics (id, unit_id, order_index, title, default_lessons) values (117, 25, 6, 'Problemas geométricos no plano', 1);
insert into curriculum_topics (id, unit_id, order_index, title, default_lessons) values (118, 26, 1, 'Razões trigonométricas', 1);
insert into curriculum_topics (id, unit_id, order_index, title, default_lessons) values (119, 26, 2, 'Ciclo trigonométrico (noções)', 1);
insert into curriculum_topics (id, unit_id, order_index, title, default_lessons) values (120, 26, 3, 'Funções seno, cosseno e tangente', 1);
insert into curriculum_topics (id, unit_id, order_index, title, default_lessons) values (121, 26, 4, 'Identidades básicas', 1);
insert into curriculum_topics (id, unit_id, order_index, title, default_lessons) values (122, 26, 5, 'Resolução de triângulos (lei dos senos e cossenos)', 1);
insert into curriculum_topics (id, unit_id, order_index, title, default_lessons) values (123, 27, 1, 'Arranjos, combinações e permutações', 1);
insert into curriculum_topics (id, unit_id, order_index, title, default_lessons) values (124, 27, 2, 'Binômio de Newton (noções)', 1);
insert into curriculum_topics (id, unit_id, order_index, title, default_lessons) values (125, 27, 3, 'Probabilidade condicionada', 1);
insert into curriculum_topics (id, unit_id, order_index, title, default_lessons) values (126, 27, 4, 'Eventos independentes', 1);
insert into curriculum_topics (id, unit_id, order_index, title, default_lessons) values (127, 27, 5, 'Distribuições simples (noções)', 1);
insert into curriculum_topics (id, unit_id, order_index, title, default_lessons) values (128, 28, 1, 'Volumes: prismas, pirâmides, cilindro, cone, esfera', 1);
insert into curriculum_topics (id, unit_id, order_index, title, default_lessons) values (129, 28, 2, 'Seções e planificações (noções)', 1);
insert into curriculum_topics (id, unit_id, order_index, title, default_lessons) values (130, 28, 3, 'Geometria de posição (reta/plano)', 1);
insert into curriculum_topics (id, unit_id, order_index, title, default_lessons) values (131, 28, 4, 'Poliedros e relações (Euler) (noções)', 1);
insert into curriculum_topics (id, unit_id, order_index, title, default_lessons) values (132, 29, 1, 'Problemas integrados (funções, geometria, estatística)', 1);
insert into curriculum_topics (id, unit_id, order_index, title, default_lessons) values (133, 29, 2, 'Estratégias ENEM: leitura de enunciados', 1);
insert into curriculum_topics (id, unit_id, order_index, title, default_lessons) values (134, 29, 3, 'Listas de exercícios por tema', 1);
insert into curriculum_topics (id, unit_id, order_index, title, default_lessons) values (135, 29, 4, 'Simulados e análise de erros', 1);
insert into curriculum_topics (id, unit_id, order_index, title, default_lessons) values (136, 30, 1, 'Grandezas e unidades', 1);
insert into curriculum_topics (id, unit_id, order_index, title, default_lessons) values (137, 30, 2, 'Movimento uniforme (MU)', 1);
insert into curriculum_topics (id, unit_id, order_index, title, default_lessons) values (138, 30, 3, 'Movimento uniformemente variado (MUV)', 1);
insert into curriculum_topics (id, unit_id, order_index, title, default_lessons) values (139, 30, 4, 'Queda livre e lançamento vertical', 1);
insert into curriculum_topics (id, unit_id, order_index, title, default_lessons) values (140, 30, 5, 'Lançamento oblíquo (noções)', 1);
insert into curriculum_topics (id, unit_id, order_index, title, default_lessons) values (141, 30, 6, 'Gráficos do movimento', 1);
insert into curriculum_topics (id, unit_id, order_index, title, default_lessons) values (142, 31, 1, 'Leis de Newton', 1);
insert into curriculum_topics (id, unit_id, order_index, title, default_lessons) values (143, 31, 2, 'Forças (peso, normal, atrito, tração)', 1);
insert into curriculum_topics (id, unit_id, order_index, title, default_lessons) values (144, 31, 3, 'Plano inclinado', 1);
insert into curriculum_topics (id, unit_id, order_index, title, default_lessons) values (145, 31, 4, 'Trabalho e potência', 1);
insert into curriculum_topics (id, unit_id, order_index, title, default_lessons) values (146, 31, 5, 'Energia cinética e potencial', 1);
insert into curriculum_topics (id, unit_id, order_index, title, default_lessons) values (147, 31, 6, 'Conservação de energia', 1);
insert into curriculum_topics (id, unit_id, order_index, title, default_lessons) values (148, 32, 1, 'Gravitação universal (noções)', 1);
insert into curriculum_topics (id, unit_id, order_index, title, default_lessons) values (149, 32, 2, 'Pressão (noções)', 1);
insert into curriculum_topics (id, unit_id, order_index, title, default_lessons) values (150, 32, 3, 'Equilíbrio de forças', 1);
insert into curriculum_topics (id, unit_id, order_index, title, default_lessons) values (151, 32, 4, 'Torque e alavancas (noções)', 1);
insert into curriculum_topics (id, unit_id, order_index, title, default_lessons) values (152, 33, 1, 'Temperatura e escalas', 1);
insert into curriculum_topics (id, unit_id, order_index, title, default_lessons) values (153, 33, 2, 'Dilatação térmica', 1);
insert into curriculum_topics (id, unit_id, order_index, title, default_lessons) values (154, 33, 3, 'Calorimetria', 1);
insert into curriculum_topics (id, unit_id, order_index, title, default_lessons) values (155, 33, 4, 'Mudanças de estado', 1);
insert into curriculum_topics (id, unit_id, order_index, title, default_lessons) values (156, 33, 5, 'Gases e equação de estado', 1);
insert into curriculum_topics (id, unit_id, order_index, title, default_lessons) values (157, 33, 6, 'Máquinas térmicas (noções)', 1);
insert into curriculum_topics (id, unit_id, order_index, title, default_lessons) values (158, 34, 1, 'Ondas: características', 1);
insert into curriculum_topics (id, unit_id, order_index, title, default_lessons) values (159, 34, 2, 'Som: frequência e intensidade', 1);
insert into curriculum_topics (id, unit_id, order_index, title, default_lessons) values (160, 34, 3, 'Fenômenos ondulatórios', 1);
insert into curriculum_topics (id, unit_id, order_index, title, default_lessons) values (161, 34, 4, 'Óptica geométrica: reflexão', 1);
insert into curriculum_topics (id, unit_id, order_index, title, default_lessons) values (162, 34, 5, 'Refração e lentes', 1);
insert into curriculum_topics (id, unit_id, order_index, title, default_lessons) values (163, 34, 6, 'Instrumentos ópticos (noções)', 1);
insert into curriculum_topics (id, unit_id, order_index, title, default_lessons) values (164, 35, 1, 'Densidade e pressão', 1);
insert into curriculum_topics (id, unit_id, order_index, title, default_lessons) values (165, 35, 2, 'Princípio de Pascal', 1);
insert into curriculum_topics (id, unit_id, order_index, title, default_lessons) values (166, 35, 3, 'Empuxo (Arquimedes)', 1);
insert into curriculum_topics (id, unit_id, order_index, title, default_lessons) values (167, 35, 4, 'Escoamento (noções)', 1);
insert into curriculum_topics (id, unit_id, order_index, title, default_lessons) values (168, 36, 1, 'Carga elétrica e eletrização', 1);
insert into curriculum_topics (id, unit_id, order_index, title, default_lessons) values (169, 36, 2, 'Lei de Coulomb', 1);
insert into curriculum_topics (id, unit_id, order_index, title, default_lessons) values (170, 36, 3, 'Campo e potencial elétrico', 1);
insert into curriculum_topics (id, unit_id, order_index, title, default_lessons) values (171, 36, 4, 'Capacitores (noções)', 1);
insert into curriculum_topics (id, unit_id, order_index, title, default_lessons) values (172, 37, 1, 'Corrente, tensão e resistência', 1);
insert into curriculum_topics (id, unit_id, order_index, title, default_lessons) values (173, 37, 2, 'Leis de Ohm', 1);
insert into curriculum_topics (id, unit_id, order_index, title, default_lessons) values (174, 37, 3, 'Associação de resistores', 1);
insert into curriculum_topics (id, unit_id, order_index, title, default_lessons) values (175, 37, 4, 'Potência elétrica e consumo', 1);
insert into curriculum_topics (id, unit_id, order_index, title, default_lessons) values (176, 37, 5, 'Circuitos elétricos simples', 1);
insert into curriculum_topics (id, unit_id, order_index, title, default_lessons) values (177, 38, 1, 'Campo magnético', 1);
insert into curriculum_topics (id, unit_id, order_index, title, default_lessons) values (178, 38, 2, 'Força magnética (noções)', 1);
insert into curriculum_topics (id, unit_id, order_index, title, default_lessons) values (179, 38, 3, 'Indução eletromagnética (noções)', 1);
insert into curriculum_topics (id, unit_id, order_index, title, default_lessons) values (180, 38, 4, 'Radiações e espectro', 1);
insert into curriculum_topics (id, unit_id, order_index, title, default_lessons) values (181, 38, 5, 'Relatividade e quântica (panorama ENEM)', 1);
insert into curriculum_topics (id, unit_id, order_index, title, default_lessons) values (182, 39, 1, 'Matéria, corpo e substância', 1);
insert into curriculum_topics (id, unit_id, order_index, title, default_lessons) values (183, 39, 2, 'Misturas e separação', 1);
insert into curriculum_topics (id, unit_id, order_index, title, default_lessons) values (184, 39, 3, 'Estados físicos e mudanças', 1);
insert into curriculum_topics (id, unit_id, order_index, title, default_lessons) values (185, 39, 4, 'Propriedades da matéria', 1);
insert into curriculum_topics (id, unit_id, order_index, title, default_lessons) values (186, 39, 5, 'Modelos atômicos (história e ideia)', 1);
insert into curriculum_topics (id, unit_id, order_index, title, default_lessons) values (187, 39, 6, 'Tabela periódica (organização)', 1);
insert into curriculum_topics (id, unit_id, order_index, title, default_lessons) values (188, 40, 1, 'Ligação iônica', 1);
insert into curriculum_topics (id, unit_id, order_index, title, default_lessons) values (189, 40, 2, 'Ligação covalente', 1);
insert into curriculum_topics (id, unit_id, order_index, title, default_lessons) values (190, 40, 3, 'Ligação metálica', 1);
insert into curriculum_topics (id, unit_id, order_index, title, default_lessons) values (191, 40, 4, 'Geometria molecular (noções)', 1);
insert into curriculum_topics (id, unit_id, order_index, title, default_lessons) values (192, 40, 5, 'Polaridade e forças intermoleculares', 1);
insert into curriculum_topics (id, unit_id, order_index, title, default_lessons) values (193, 40, 6, 'Propriedades dos materiais', 1);
insert into curriculum_topics (id, unit_id, order_index, title, default_lessons) values (194, 41, 1, 'Mol e constante de Avogadro', 1);
insert into curriculum_topics (id, unit_id, order_index, title, default_lessons) values (195, 41, 2, 'Massa molar', 1);
insert into curriculum_topics (id, unit_id, order_index, title, default_lessons) values (196, 41, 3, 'Estequiometria básica', 1);
insert into curriculum_topics (id, unit_id, order_index, title, default_lessons) values (197, 41, 4, 'Rendimento e pureza (noções)', 1);
insert into curriculum_topics (id, unit_id, order_index, title, default_lessons) values (198, 41, 5, 'Soluções: concentração comum e molaridade', 1);
insert into curriculum_topics (id, unit_id, order_index, title, default_lessons) values (199, 41, 6, 'Diluição e mistura de soluções (noções)', 1);
insert into curriculum_topics (id, unit_id, order_index, title, default_lessons) values (200, 42, 1, 'Termoquímica', 1);
insert into curriculum_topics (id, unit_id, order_index, title, default_lessons) values (201, 42, 2, 'Cinética química', 1);
insert into curriculum_topics (id, unit_id, order_index, title, default_lessons) values (202, 42, 3, 'Equilíbrio químico', 1);
insert into curriculum_topics (id, unit_id, order_index, title, default_lessons) values (203, 42, 4, 'pH e pOH (noções)', 1);
insert into curriculum_topics (id, unit_id, order_index, title, default_lessons) values (204, 42, 5, 'Eletroquímica: pilhas', 1);
insert into curriculum_topics (id, unit_id, order_index, title, default_lessons) values (205, 42, 6, 'Eletrólise (noções)', 1);
insert into curriculum_topics (id, unit_id, order_index, title, default_lessons) values (206, 43, 1, 'Funções inorgânicas: ácidos', 1);
insert into curriculum_topics (id, unit_id, order_index, title, default_lessons) values (207, 43, 2, 'Bases', 1);
insert into curriculum_topics (id, unit_id, order_index, title, default_lessons) values (208, 43, 3, 'Sais e óxidos', 1);
insert into curriculum_topics (id, unit_id, order_index, title, default_lessons) values (209, 43, 4, 'Nomenclatura e propriedades', 1);
insert into curriculum_topics (id, unit_id, order_index, title, default_lessons) values (210, 43, 5, 'Reações inorgânicas (noções)', 1);
insert into curriculum_topics (id, unit_id, order_index, title, default_lessons) values (211, 43, 6, 'Química ambiental (chuva ácida, poluição)', 1);
insert into curriculum_topics (id, unit_id, order_index, title, default_lessons) values (212, 44, 1, 'Cadeias carbônicas', 1);
insert into curriculum_topics (id, unit_id, order_index, title, default_lessons) values (213, 44, 2, 'Hidrocarbonetos', 1);
insert into curriculum_topics (id, unit_id, order_index, title, default_lessons) values (214, 44, 3, 'Nomenclatura IUPAC', 1);
insert into curriculum_topics (id, unit_id, order_index, title, default_lessons) values (215, 44, 4, 'Funções orgânicas', 1);
insert into curriculum_topics (id, unit_id, order_index, title, default_lessons) values (216, 44, 5, 'Isomeria', 1);
insert into curriculum_topics (id, unit_id, order_index, title, default_lessons) values (217, 44, 6, 'Reações orgânicas (noções)', 1);
insert into curriculum_topics (id, unit_id, order_index, title, default_lessons) values (218, 44, 7, 'Polímeros e aplicações', 1);
insert into curriculum_topics (id, unit_id, order_index, title, default_lessons) values (219, 44, 8, 'Química dos combustíveis', 1);
insert into curriculum_topics (id, unit_id, order_index, title, default_lessons) values (220, 45, 1, 'Resolução de questões contextualizadas', 1);
insert into curriculum_topics (id, unit_id, order_index, title, default_lessons) values (221, 45, 2, 'Química e cotidiano (alimentos, medicamentos)', 1);
insert into curriculum_topics (id, unit_id, order_index, title, default_lessons) values (222, 45, 3, 'Experimentos simples e segurança', 1);
insert into curriculum_topics (id, unit_id, order_index, title, default_lessons) values (223, 45, 4, 'Simulados e análise de erros', 1);
insert into curriculum_topics (id, unit_id, order_index, title, default_lessons) values (224, 46, 1, 'Água, sais, carboidratos, lipídios, proteínas', 1);
insert into curriculum_topics (id, unit_id, order_index, title, default_lessons) values (225, 46, 2, 'Organelas e funções', 1);
insert into curriculum_topics (id, unit_id, order_index, title, default_lessons) values (226, 46, 3, 'Membrana e transporte', 1);
insert into curriculum_topics (id, unit_id, order_index, title, default_lessons) values (227, 46, 4, 'Metabolismo celular (noções)', 1);
insert into curriculum_topics (id, unit_id, order_index, title, default_lessons) values (228, 46, 5, 'Divisão celular (mitose e meiose)', 1);
insert into curriculum_topics (id, unit_id, order_index, title, default_lessons) values (229, 47, 1, 'DNA, RNA e síntese proteica (noções)', 1);
insert into curriculum_topics (id, unit_id, order_index, title, default_lessons) values (230, 47, 2, 'Herança mendeliana', 1);
insert into curriculum_topics (id, unit_id, order_index, title, default_lessons) values (231, 47, 3, 'Probabilidade em genética', 1);
insert into curriculum_topics (id, unit_id, order_index, title, default_lessons) values (232, 47, 4, 'Grupos sanguíneos (noções)', 1);
insert into curriculum_topics (id, unit_id, order_index, title, default_lessons) values (233, 47, 5, 'Genética e sociedade (bioética)', 1);
insert into curriculum_topics (id, unit_id, order_index, title, default_lessons) values (234, 48, 1, 'Conceitos de ecologia', 1);
insert into curriculum_topics (id, unit_id, order_index, title, default_lessons) values (235, 48, 2, 'Cadeias e teias alimentares', 1);
insert into curriculum_topics (id, unit_id, order_index, title, default_lessons) values (236, 48, 3, 'Ciclos biogeoquímicos (noções)', 1);
insert into curriculum_topics (id, unit_id, order_index, title, default_lessons) values (237, 48, 4, 'Relações ecológicas', 1);
insert into curriculum_topics (id, unit_id, order_index, title, default_lessons) values (238, 48, 5, 'Impactos ambientais e conservação', 1);
insert into curriculum_topics (id, unit_id, order_index, title, default_lessons) values (239, 49, 1, 'Classificação vegetal (noções)', 1);
insert into curriculum_topics (id, unit_id, order_index, title, default_lessons) values (240, 49, 2, 'Tecidos vegetais', 1);
insert into curriculum_topics (id, unit_id, order_index, title, default_lessons) values (241, 49, 3, 'Transporte de seiva', 1);
insert into curriculum_topics (id, unit_id, order_index, title, default_lessons) values (242, 49, 4, 'Fotossíntese e respiração vegetal', 1);
insert into curriculum_topics (id, unit_id, order_index, title, default_lessons) values (243, 49, 5, 'Reprodução vegetal', 1);
insert into curriculum_topics (id, unit_id, order_index, title, default_lessons) values (244, 50, 1, 'Invertebrados (panorama)', 1);
insert into curriculum_topics (id, unit_id, order_index, title, default_lessons) values (245, 50, 2, 'Vertebrados (panorama)', 1);
insert into curriculum_topics (id, unit_id, order_index, title, default_lessons) values (246, 50, 3, 'Evolução e adaptação', 1);
insert into curriculum_topics (id, unit_id, order_index, title, default_lessons) values (247, 50, 4, 'Filogenia (noções)', 1);
insert into curriculum_topics (id, unit_id, order_index, title, default_lessons) values (248, 51, 1, 'Vírus e bactérias', 1);
insert into curriculum_topics (id, unit_id, order_index, title, default_lessons) values (249, 51, 2, 'Protozooses e verminoses', 1);
insert into curriculum_topics (id, unit_id, order_index, title, default_lessons) values (250, 51, 3, 'Imunologia (noções)', 1);
insert into curriculum_topics (id, unit_id, order_index, title, default_lessons) values (251, 51, 4, 'Vacinas e prevenção', 1);
insert into curriculum_topics (id, unit_id, order_index, title, default_lessons) values (252, 51, 5, 'Saneamento básico', 1);
insert into curriculum_topics (id, unit_id, order_index, title, default_lessons) values (253, 52, 1, 'Sistemas digestório e respiratório', 1);
insert into curriculum_topics (id, unit_id, order_index, title, default_lessons) values (254, 52, 2, 'Circulatório e excretor', 1);
insert into curriculum_topics (id, unit_id, order_index, title, default_lessons) values (255, 52, 3, 'Nervoso e endócrino', 1);
insert into curriculum_topics (id, unit_id, order_index, title, default_lessons) values (256, 52, 4, 'Reprodutor e sexualidade', 1);
insert into curriculum_topics (id, unit_id, order_index, title, default_lessons) values (257, 52, 5, 'Homeostase', 1);
insert into curriculum_topics (id, unit_id, order_index, title, default_lessons) values (258, 53, 1, 'Teorias evolutivas', 1);
insert into curriculum_topics (id, unit_id, order_index, title, default_lessons) values (259, 53, 2, 'Seleção natural', 1);
insert into curriculum_topics (id, unit_id, order_index, title, default_lessons) values (260, 53, 3, 'Evidências da evolução', 1);
insert into curriculum_topics (id, unit_id, order_index, title, default_lessons) values (261, 53, 4, 'Biotecnologia (transgênicos, DNA)', 1);
insert into curriculum_topics (id, unit_id, order_index, title, default_lessons) values (262, 53, 5, 'Bioética', 1);
insert into curriculum_topics (id, unit_id, order_index, title, default_lessons) values (263, 54, 1, 'Questões integradas (ecologia, genética, saúde)', 1);
insert into curriculum_topics (id, unit_id, order_index, title, default_lessons) values (264, 54, 2, 'Estudos de caso e interpretação de dados', 1);
insert into curriculum_topics (id, unit_id, order_index, title, default_lessons) values (265, 54, 3, 'Simulados e análise de erros', 1);
insert into curriculum_topics (id, unit_id, order_index, title, default_lessons) values (266, 55, 1, 'Pré-história e Antiguidade Oriental (noções)', 1);
insert into curriculum_topics (id, unit_id, order_index, title, default_lessons) values (267, 55, 2, 'Grécia: política e cultura', 1);
insert into curriculum_topics (id, unit_id, order_index, title, default_lessons) values (268, 55, 3, 'Roma: república e império', 1);
insert into curriculum_topics (id, unit_id, order_index, title, default_lessons) values (269, 55, 4, 'Feudalismo', 1);
insert into curriculum_topics (id, unit_id, order_index, title, default_lessons) values (270, 55, 5, 'Igreja e cultura medieval', 1);
insert into curriculum_topics (id, unit_id, order_index, title, default_lessons) values (271, 55, 6, 'Crises do século XIV', 1);
insert into curriculum_topics (id, unit_id, order_index, title, default_lessons) values (272, 56, 1, 'Renascimento e Humanismo', 1);
insert into curriculum_topics (id, unit_id, order_index, title, default_lessons) values (273, 56, 2, 'Reformas Religiosas', 1);
insert into curriculum_topics (id, unit_id, order_index, title, default_lessons) values (274, 56, 3, 'Expansão marítima europeia', 1);
insert into curriculum_topics (id, unit_id, order_index, title, default_lessons) values (275, 56, 4, 'Colonização da América', 1);
insert into curriculum_topics (id, unit_id, order_index, title, default_lessons) values (276, 56, 5, 'Mercantilismo e absolutismo', 1);
insert into curriculum_topics (id, unit_id, order_index, title, default_lessons) values (277, 57, 1, 'Iluminismo', 1);
insert into curriculum_topics (id, unit_id, order_index, title, default_lessons) values (278, 57, 2, 'Revolução Industrial', 1);
insert into curriculum_topics (id, unit_id, order_index, title, default_lessons) values (279, 57, 3, 'Revoluções Inglesas', 1);
insert into curriculum_topics (id, unit_id, order_index, title, default_lessons) values (280, 57, 4, 'Revolução Francesa', 1);
insert into curriculum_topics (id, unit_id, order_index, title, default_lessons) values (281, 57, 5, 'Independências nas Américas', 1);
insert into curriculum_topics (id, unit_id, order_index, title, default_lessons) values (282, 57, 6, 'Imperialismo e neocolonialismo', 1);
insert into curriculum_topics (id, unit_id, order_index, title, default_lessons) values (283, 58, 1, 'Brasil Colônia: economia e sociedade', 1);
insert into curriculum_topics (id, unit_id, order_index, title, default_lessons) values (284, 58, 2, 'Escravidão e resistências', 1);
insert into curriculum_topics (id, unit_id, order_index, title, default_lessons) values (285, 58, 3, 'Independência', 1);
insert into curriculum_topics (id, unit_id, order_index, title, default_lessons) values (286, 58, 4, 'Período Regencial', 1);
insert into curriculum_topics (id, unit_id, order_index, title, default_lessons) values (287, 58, 5, 'Segundo Reinado', 1);
insert into curriculum_topics (id, unit_id, order_index, title, default_lessons) values (288, 58, 6, 'Abolição e crise do Império', 1);
insert into curriculum_topics (id, unit_id, order_index, title, default_lessons) values (289, 59, 1, 'República Velha', 1);
insert into curriculum_topics (id, unit_id, order_index, title, default_lessons) values (290, 59, 2, 'Era Vargas', 1);
insert into curriculum_topics (id, unit_id, order_index, title, default_lessons) values (291, 59, 3, 'República Populista', 1);
insert into curriculum_topics (id, unit_id, order_index, title, default_lessons) values (292, 59, 4, 'Ditadura Militar', 1);
insert into curriculum_topics (id, unit_id, order_index, title, default_lessons) values (293, 59, 5, 'Redemocratização', 1);
insert into curriculum_topics (id, unit_id, order_index, title, default_lessons) values (294, 59, 6, 'Brasil contemporâneo (noções)', 1);
insert into curriculum_topics (id, unit_id, order_index, title, default_lessons) values (295, 60, 1, '1ª Guerra Mundial', 1);
insert into curriculum_topics (id, unit_id, order_index, title, default_lessons) values (296, 60, 2, '2ª Guerra Mundial', 1);
insert into curriculum_topics (id, unit_id, order_index, title, default_lessons) values (297, 60, 3, 'Guerra Fria', 1);
insert into curriculum_topics (id, unit_id, order_index, title, default_lessons) values (298, 60, 4, 'Conflitos contemporâneos (noções)', 1);
insert into curriculum_topics (id, unit_id, order_index, title, default_lessons) values (299, 60, 5, 'Direitos humanos e cidadania', 1);
insert into curriculum_topics (id, unit_id, order_index, title, default_lessons) values (300, 61, 1, 'Cartografia: escalas e projeções', 1);
insert into curriculum_topics (id, unit_id, order_index, title, default_lessons) values (301, 61, 2, 'Coordenadas geográficas', 1);
insert into curriculum_topics (id, unit_id, order_index, title, default_lessons) values (302, 61, 3, 'Relevo e geologia (noções)', 1);
insert into curriculum_topics (id, unit_id, order_index, title, default_lessons) values (303, 61, 4, 'Clima e vegetação', 1);
insert into curriculum_topics (id, unit_id, order_index, title, default_lessons) values (304, 61, 5, 'Hidrografia', 1);
insert into curriculum_topics (id, unit_id, order_index, title, default_lessons) values (305, 61, 6, 'Impactos ambientais', 1);
insert into curriculum_topics (id, unit_id, order_index, title, default_lessons) values (306, 62, 1, 'Dinâmica populacional', 1);
insert into curriculum_topics (id, unit_id, order_index, title, default_lessons) values (307, 62, 2, 'Migrações', 1);
insert into curriculum_topics (id, unit_id, order_index, title, default_lessons) values (308, 62, 3, 'Urbanização e problemas urbanos', 1);
insert into curriculum_topics (id, unit_id, order_index, title, default_lessons) values (309, 62, 4, 'Rede urbana', 1);
insert into curriculum_topics (id, unit_id, order_index, title, default_lessons) values (310, 62, 5, 'Trabalho e renda (noções)', 1);
insert into curriculum_topics (id, unit_id, order_index, title, default_lessons) values (311, 63, 1, 'Industrialização', 1);
insert into curriculum_topics (id, unit_id, order_index, title, default_lessons) values (312, 63, 2, 'Setores da economia', 1);
insert into curriculum_topics (id, unit_id, order_index, title, default_lessons) values (313, 63, 3, 'Comércio e fluxos', 1);
insert into curriculum_topics (id, unit_id, order_index, title, default_lessons) values (314, 63, 4, 'Globalização e blocos econômicos', 1);
insert into curriculum_topics (id, unit_id, order_index, title, default_lessons) values (315, 63, 5, 'Tecnologia e território', 1);
insert into curriculum_topics (id, unit_id, order_index, title, default_lessons) values (316, 64, 1, 'Formação do território brasileiro', 1);
insert into curriculum_topics (id, unit_id, order_index, title, default_lessons) values (317, 64, 2, 'Regionalizações (IBGE)', 1);
insert into curriculum_topics (id, unit_id, order_index, title, default_lessons) values (318, 64, 3, 'Agropecuária', 1);
insert into curriculum_topics (id, unit_id, order_index, title, default_lessons) values (319, 64, 4, 'Indústria e serviços', 1);
insert into curriculum_topics (id, unit_id, order_index, title, default_lessons) values (320, 64, 5, 'Energia e infraestrutura', 1);
insert into curriculum_topics (id, unit_id, order_index, title, default_lessons) values (321, 64, 6, 'Questões ambientais', 1);
insert into curriculum_topics (id, unit_id, order_index, title, default_lessons) values (322, 65, 1, 'Estado, nação e fronteiras', 1);
insert into curriculum_topics (id, unit_id, order_index, title, default_lessons) values (323, 65, 2, 'Geopolítica mundial (noções)', 1);
insert into curriculum_topics (id, unit_id, order_index, title, default_lessons) values (324, 65, 3, 'Conflitos e tensões', 1);
insert into curriculum_topics (id, unit_id, order_index, title, default_lessons) values (325, 65, 4, 'Recursos naturais e energia', 1);
insert into curriculum_topics (id, unit_id, order_index, title, default_lessons) values (326, 65, 5, 'Mudanças climáticas e riscos', 1);
insert into curriculum_topics (id, unit_id, order_index, title, default_lessons) values (327, 66, 1, 'Leitura de mapas e gráficos', 1);
insert into curriculum_topics (id, unit_id, order_index, title, default_lessons) values (328, 66, 2, 'Estudos de caso do Brasil', 1);
insert into curriculum_topics (id, unit_id, order_index, title, default_lessons) values (329, 66, 3, 'Simulados e análise de erros', 1);
insert into curriculum_topics (id, unit_id, order_index, title, default_lessons) values (330, 67, 1, 'O que é filosofia?', 1);
insert into curriculum_topics (id, unit_id, order_index, title, default_lessons) values (331, 67, 2, 'Mito e razão', 1);
insert into curriculum_topics (id, unit_id, order_index, title, default_lessons) values (332, 67, 3, 'Conhecimento e verdade (noções)', 1);
insert into curriculum_topics (id, unit_id, order_index, title, default_lessons) values (333, 67, 4, 'Argumentação e lógica básica', 1);
insert into curriculum_topics (id, unit_id, order_index, title, default_lessons) values (334, 68, 1, 'Sócrates e ética', 1);
insert into curriculum_topics (id, unit_id, order_index, title, default_lessons) values (335, 68, 2, 'Platão', 1);
insert into curriculum_topics (id, unit_id, order_index, title, default_lessons) values (336, 68, 3, 'Aristóteles', 1);
insert into curriculum_topics (id, unit_id, order_index, title, default_lessons) values (337, 68, 4, 'Helenismo (noções)', 1);
insert into curriculum_topics (id, unit_id, order_index, title, default_lessons) values (338, 69, 1, 'Racionalismo e empirismo', 1);
insert into curriculum_topics (id, unit_id, order_index, title, default_lessons) values (339, 69, 2, 'Contratualismo (Hobbes, Locke, Rousseau)', 1);
insert into curriculum_topics (id, unit_id, order_index, title, default_lessons) values (340, 69, 3, 'Iluminismo', 1);
insert into curriculum_topics (id, unit_id, order_index, title, default_lessons) values (341, 69, 4, 'Kant (noções)', 1);
insert into curriculum_topics (id, unit_id, order_index, title, default_lessons) values (342, 70, 1, 'Ética: fundamentos', 1);
insert into curriculum_topics (id, unit_id, order_index, title, default_lessons) values (343, 70, 2, 'Justiça e cidadania', 1);
insert into curriculum_topics (id, unit_id, order_index, title, default_lessons) values (344, 70, 3, 'Democracia e participação', 1);
insert into curriculum_topics (id, unit_id, order_index, title, default_lessons) values (345, 70, 4, 'Direitos humanos', 1);
insert into curriculum_topics (id, unit_id, order_index, title, default_lessons) values (346, 71, 1, 'Marx (noções)', 1);
insert into curriculum_topics (id, unit_id, order_index, title, default_lessons) values (347, 71, 2, 'Nietzsche (noções)', 1);
insert into curriculum_topics (id, unit_id, order_index, title, default_lessons) values (348, 71, 3, 'Existencialismo (noções)', 1);
insert into curriculum_topics (id, unit_id, order_index, title, default_lessons) values (349, 71, 4, 'Escola de Frankfurt (noções)', 1);
insert into curriculum_topics (id, unit_id, order_index, title, default_lessons) values (350, 72, 1, 'Debates e seminários', 1);
insert into curriculum_topics (id, unit_id, order_index, title, default_lessons) values (351, 72, 2, 'Produção de textos argumentativos', 1);
insert into curriculum_topics (id, unit_id, order_index, title, default_lessons) values (352, 72, 3, 'Questões ENEM e atualidades', 1);
insert into curriculum_topics (id, unit_id, order_index, title, default_lessons) values (353, 73, 1, 'Sociedade e cultura', 1);
insert into curriculum_topics (id, unit_id, order_index, title, default_lessons) values (354, 73, 2, 'Socialização', 1);
insert into curriculum_topics (id, unit_id, order_index, title, default_lessons) values (355, 73, 3, 'Instituições sociais', 1);
insert into curriculum_topics (id, unit_id, order_index, title, default_lessons) values (356, 73, 4, 'Desigualdades (noções)', 1);
insert into curriculum_topics (id, unit_id, order_index, title, default_lessons) values (357, 74, 1, 'Cultura e diversidade', 1);
insert into curriculum_topics (id, unit_id, order_index, title, default_lessons) values (358, 74, 2, 'Etnocentrismo e relativismo', 1);
insert into curriculum_topics (id, unit_id, order_index, title, default_lessons) values (359, 74, 3, 'Mídia e consumo', 1);
insert into curriculum_topics (id, unit_id, order_index, title, default_lessons) values (360, 74, 4, 'Juventudes (noções)', 1);
insert into curriculum_topics (id, unit_id, order_index, title, default_lessons) values (361, 75, 1, 'Trabalho e capitalismo', 1);
insert into curriculum_topics (id, unit_id, order_index, title, default_lessons) values (362, 75, 2, 'Classe social', 1);
insert into curriculum_topics (id, unit_id, order_index, title, default_lessons) values (363, 75, 3, 'Desigualdade e pobreza', 1);
insert into curriculum_topics (id, unit_id, order_index, title, default_lessons) values (364, 75, 4, 'Globalização (noções)', 1);
insert into curriculum_topics (id, unit_id, order_index, title, default_lessons) values (365, 76, 1, 'Estado e poder', 1);
insert into curriculum_topics (id, unit_id, order_index, title, default_lessons) values (366, 76, 2, 'Democracia e cidadania', 1);
insert into curriculum_topics (id, unit_id, order_index, title, default_lessons) values (367, 76, 3, 'Movimentos sociais', 1);
insert into curriculum_topics (id, unit_id, order_index, title, default_lessons) values (368, 76, 4, 'Políticas públicas (noções)', 1);
insert into curriculum_topics (id, unit_id, order_index, title, default_lessons) values (369, 77, 1, 'Gênero e sexualidade (noções)', 1);
insert into curriculum_topics (id, unit_id, order_index, title, default_lessons) values (370, 77, 2, 'Racismo e direitos', 1);
insert into curriculum_topics (id, unit_id, order_index, title, default_lessons) values (371, 77, 3, 'Violência e segurança', 1);
insert into curriculum_topics (id, unit_id, order_index, title, default_lessons) values (372, 77, 4, 'Tecnologia e redes', 1);
insert into curriculum_topics (id, unit_id, order_index, title, default_lessons) values (373, 77, 5, 'Sustentabilidade e sociedade', 1);
insert into curriculum_topics (id, unit_id, order_index, title, default_lessons) values (374, 78, 1, 'Estudos de caso', 1);
insert into curriculum_topics (id, unit_id, order_index, title, default_lessons) values (375, 78, 2, 'Debates e produção escrita', 1);
insert into curriculum_topics (id, unit_id, order_index, title, default_lessons) values (376, 78, 3, 'Questões ENEM', 1);
